1,Ana García,ana.garcia@example.com,Norte
2,Luis Pérez,luis.perez@example.com,Sur
3,María López,maria.lopez@example.com,Este
4,Carlos Ruiz,carlos.ruiz@example.com,Oeste
5,Sofía Torres,sofia.torres@example.com,Norte
6,David Gómez,david.gomez@example.com,Sur
7,Laura Díaz,laura.diaz@example.com,Este
8,Jorge Martín,jorge.martin@example.com,Oeste
